Method,Round,Expected Reward,Regret,Real Reward,Cumulated Expected Reward,Cumulated Regret,Cumulated Real Reward
Expected Reward,0,2.0897810094489486,0.0,2.117015882873891,2.0897810094489486,0.0,2.117015882873891
Expected Reward,1,2.0897810094489486,0.0,2.0727989448871176,4.179562018897897,0.0,4.189814827761008
Expected Reward,2,2.0897810094489486,0.0,2.093534191398572,6.269343028346849,0.0,6.2833490191595835
Expected Reward,3,2.0897810094489486,0.0,2.113691999598429,8.359124037795794,0.0,8.397041018758006
Expected Reward,4,2.0897810094489486,0.0,2.0395094900146997,10.448905047244741,0.0,10.436550508772706
Expected Reward,5,2.0897810094489486,0.0,2.089241122334284,12.538686056693699,0.0,12.525791631106992
Expected Reward,6,2.0897810094489486,0.0,2.103935013356536,14.628467066142635,0.0,14.629726644463512
Expected Reward,7,2.0897810094489486,0.0,2.1263161816347838,16.71824807559159,0.0,16.756042826098298
Expected Reward,8,2.0897810094489486,0.0,2.0777060130452756,18.808029085040495,0.0,18.833748839143574
Expected Reward,9,2.0897810094489486,0.0,2.0269723035858975,20.897810094489483,0.0,20.860721142729474
Expected Reward,10,2.0897810094489486,0.0,2.052229475624712,22.98759110393843,0.0,22.91295061835418
Expected Reward,11,2.0897810094489486,0.0,2.1387852479320233,25.077372113387398,0.0,25.05173586628621
Expected Reward,12,2.0897810094489486,0.0,1.9969200260040145,27.16715312283627,0.0,27.048655892290252
Expected Reward,13,2.0897810094489486,0.0,2.069246090959425,29.25693413228527,0.0,29.11790198324966
Expected Reward,14,2.0897810094489486,0.0,2.1043022146549957,31.34671514173418,0.0,31.222204197904627
Expected Reward,15,2.0897810094489486,0.0,2.1271213203130253,33.43649615118318,0.0,33.34932551821761
Expected Reward,16,2.0897810094489486,0.0,2.078291405343328,35.52627716063211,0.0,35.42761692356097
Expected Reward,17,2.0897810094489486,0.0,2.090656692762762,37.61605817008099,0.0,37.5182736163237
Expected Reward,18,2.0897810094489486,0.0,2.0514951685791787,39.70583917952998,0.0,39.56976878490292
Expected Reward,19,2.0897810094489486,0.0,2.1457854216164254,41.795620188978965,0.0,41.7155542065194
Expected Reward,20,2.0897810094489486,0.0,2.056169546525714,43.88540119842792,0.0,43.771723753045094
Expected Reward,21,2.0897810094489486,0.0,2.125477225069241,45.975182207876856,0.0,45.897200978114384
Expected Reward,22,2.0897810094489486,0.0,2.068158386510053,48.064963217325754,0.0,47.965359364624454
Expected Reward,23,2.0897810094489486,0.0,2.057551921564568,50.154744226774795,0.0,50.02291128618896
Expected Reward,24,2.0897810094489486,0.0,2.177624113039654,52.24452523622374,0.0,52.20053539922863
Expected Reward,25,2.0897810094489486,0.0,2.048401842453429,54.33430624567255,0.0,54.24893724168203
Expected Reward,26,2.0897810094489486,0.0,2.0771761929431114,56.42408725512162,0.0,56.32611343462518
Expected Reward,27,2.0897810094489486,0.0,2.125611761914414,58.51386826457053,0.0,58.45172519653954
Expected Reward,28,2.0897810094489486,0.0,2.1073287128690437,60.60364927401949,0.0,60.55905390940858
Expected Reward,29,2.0897810094489486,0.0,2.155825325815805,62.69343028346836,0.0,62.71487923522437
Expected Reward MLE,0,0.8467475467980778,1.2430334626508681,0.8312929336699473,0.8467475467980778,1.2430334626508681,0.8312929336699473
Expected Reward MLE,1,0.9679467698213757,1.1218342396275711,1.0706977131584354,1.8146943166194536,2.3648677022784357,1.9019906468283845
Expected Reward MLE,2,1.086241179531985,1.0035398299169618,1.078321635753027,2.9009354961514435,3.3684075321953992,2.9803122825814126
Expected Reward MLE,3,1.1532796224382726,0.9365013870106746,1.070038020338894,4.054215118589717,4.304908919206067,4.050350302920309
Expected Reward MLE,4,1.2456151395654276,0.8441658698835204,1.2305777972276852,5.299830258155145,5.149074789089595,5.280928100147986
Expected Reward MLE,5,1.3387529135692506,0.7510280958796968,1.2830006295207357,6.638583171724385,5.900102884969297,6.563928729668716
Expected Reward MLE,6,1.387002457527664,0.7027785519212854,1.3696497834524146,8.025585629252054,6.60288143689058,7.9335785131211285
Expected Reward MLE,7,1.4390965432622373,0.650684466186708,1.4357738266953077,9.464682172514294,7.253565903077282,9.369352339816446
Expected Reward MLE,8,1.4748076552346163,0.6149733542143301,1.5230150756128942,10.939489827748899,7.868539257291618,10.892367415429346
Expected Reward MLE,9,1.5026429533532173,0.5871380560957288,1.532319821362695,12.44213278110213,8.45567731338735,12.424687236792032
Expected Reward MLE,10,1.5180413106975519,0.5717396987513942,1.521158851585928,13.960174091799674,9.027417012138736,13.945846088377946
Expected Reward MLE,11,1.5386191461058474,0.5511618633431001,1.5058030175687647,15.498793237905502,9.578578875481837,15.451649105946718
Expected Reward MLE,12,1.5456343471387761,0.5441466623101693,1.5091393555378168,17.04442758504431,10.122725537792004,16.96078846148456
Expected Reward MLE,13,1.5684257297654203,0.5213552796835267,1.5148301952762762,18.6128533148097,10.64408081747554,18.475618656760822
Expected Reward MLE,14,1.5810186078813777,0.508762401567568,1.593234296960514,20.193871922691088,11.1528432190431,20.068852953721365
Expected Reward MLE,15,1.586449447405736,0.5033315620432105,1.6353390577120728,21.780321370096836,11.656174781086323,21.70419201143343
Expected Reward MLE,16,1.6134585653828486,0.47632244406609764,1.6497557121906365,23.39377993547967,12.132497225152408,23.35394772362409
Expected Reward MLE,17,1.616026032341548,0.47375497710740017,1.5593726584265815,25.009805967821247,12.606252202259796,24.913320382050657
Expected Reward MLE,18,1.616241235730349,0.473539773718599,1.6719183879917,26.62604720355153,13.079791975978402,26.58523877004238
Expected Reward MLE,19,1.6252356948851818,0.4645453145637653,1.6818998111830659,28.25128289843673,13.544337290542177,28.267138581225453
Expected Reward MLE,20,1.6314890426846762,0.45829196676427225,1.5734494516884652,29.8827719411214,14.002629257306436,29.840588032913892
Expected Reward MLE,21,1.636611131930813,0.4531698775181341,1.6660621097572883,31.519383073052232,14.455799134824586,31.506650142671173
Expected Reward MLE,22,1.6523792649457285,0.4374017445032186,1.6947221239745984,33.17176233799798,14.893200879327816,33.20137226664579
Expected Reward MLE,23,1.6625091796713174,0.42727182977763045,1.7490511424242803,34.8342715176693,15.320472709105452,34.95042340907002
Expected Reward MLE,24,1.6768947750465792,0.41288623440236794,1.6708787143720913,36.51116629271587,15.733358943507818,36.621302123442085
Expected Reward MLE,25,1.6757184637010534,0.4140625457478933,1.6358122489640612,38.18688475641695,16.147421489255695,38.257114372406214
Expected Reward MLE,26,1.688356288498744,0.40142472095020376,1.6355427084514644,39.87524104491563,16.54884621020592,39.89265708085765
Expected Reward MLE,27,1.6834545553936016,0.4063264540553463,1.6672095592884724,41.55869560030934,16.95517266426125,41.559866640146076
Expected Reward MLE,28,1.6900585189235526,0.39972249052539405,1.7307787032502133,43.2487541192328,17.354895154786657,43.29064534339632
Expected Reward MLE,29,1.6933664957496126,0.39641451369933445,1.7292814794128157,44.94212061498239,17.75130966848601,45.01992682280916
Epsilon Greedy,0,0.8818253018028734,1.207955707646073,0.8926133179835666,0.8818253018028734,1.207955707646073,0.8926133179835666
Epsilon Greedy,1,0.969362652752109,1.120418356696837,0.9610066955973781,1.8511879545549825,2.3283740643429085,1.8536200135809469
Epsilon Greedy,2,1.0684499403336163,1.0213310691153308,0.9847400785975454,2.9196378948885995,3.349705133458238,2.8383600921784944
Epsilon Greedy,3,1.1339379606294293,0.9558430488195175,1.1605558487098264,4.053575855518031,4.305548182277759,3.9989159408883204
Epsilon Greedy,4,1.2479828279293612,0.8417981815195867,1.2604392803430808,5.301558683447393,5.147346363797339,5.259355221231398
Epsilon Greedy,5,1.3160704618388128,0.7737105476101345,1.3136351146661513,6.617629145286196,5.921056911407476,6.57299033589755
Epsilon Greedy,6,1.3574465377145364,0.7323344717344109,1.4262570881338539,7.975075683000741,6.6533913831419,7.999247424031406
Epsilon Greedy,7,1.3737973155157113,0.7159836939332354,1.4314991551499163,9.34887299851643,7.369375077075129,9.430746579181335
Epsilon Greedy,8,1.3859868802156474,0.7037941292333,1.403011882160152,10.734859878732086,8.073169206308428,10.83375846134148
Epsilon Greedy,9,1.4330358436526751,0.6567451657962702,1.4416995030296096,12.167895722384767,8.729914372104687,12.275457964371084
Epsilon Greedy,10,1.4531272557944266,0.6366537536545194,1.455611515725061,13.621022978179203,9.366568125759203,13.731069480096133
Epsilon Greedy,11,1.4650725929092991,0.6247084165396463,1.454674847001526,15.086095571088496,9.99127654229886,15.185744327097668
Epsilon Greedy,12,1.4996310582553392,0.5901499511936078,1.5235087589045926,16.585726629343842,10.581426493492462,16.709253086002246
Epsilon Greedy,13,1.500664227539492,0.5891167819094553,1.5406011479620962,18.08639085688334,11.170543275401908,18.249854233964335
Epsilon Greedy,14,1.5256213015310711,0.5641597079178763,1.5387049632636618,19.612012158414412,11.734702983319796,19.788559197228015
Epsilon Greedy,15,1.5380623598832601,0.5517186495656876,1.4934798073654723,21.150074518297647,12.286421632885492,21.282039004593518
Epsilon Greedy,16,1.559413629281453,0.530367380167495,1.541008836078152,22.70948814757909,12.816789013052983,22.82304784067162
Epsilon Greedy,17,1.5676785122704748,0.5221024971784712,1.548149024304559,24.277166659849566,13.33889151023148,24.371196864976184
Epsilon Greedy,18,1.5928228237666013,0.4969581856823453,1.6010126761918182,25.869989483616173,13.83584969591383,25.972209541168027
Epsilon Greedy,19,1.593144339883557,0.4966366695653892,1.5457352971833278,27.46313382349974,14.332486365479195,27.51794483835137
Epsilon Greedy,20,1.591388882029904,0.49839212741904354,1.6259428938005747,29.05452270552964,14.830878492898243,29.143887732151974
Epsilon Greedy,21,1.5927019060034597,0.49707910344548667,1.5908087347217823,30.647224611533087,15.327957596343728,30.734696466873732
Epsilon Greedy,22,1.608320276210663,0.48146073323828564,1.6255953224422277,32.255544887743724,15.809418329582012,32.36029178931597
Epsilon Greedy,23,1.6234350711341834,0.4663459383147645,1.6086921373336307,33.878979958877984,16.275764267896783,33.96898392664962
Epsilon Greedy,24,1.608268958381134,0.4815120510678129,1.5912942784099344,35.487248917259095,16.75727631896458,35.560278205059596
Epsilon Greedy,25,1.6354101606504539,0.45437084879849426,1.6224990305839724,37.12265907790951,17.211647167763072,37.18277723564349
Epsilon Greedy,26,1.6284238650706153,0.46135714437833386,1.6579234976696788,38.7510829429802,17.67300431214139,38.840700733313156
Epsilon Greedy,27,1.6568688100903761,0.43291219935857234,1.5246042859120017,40.407951753070485,18.105916511499967,40.365305019225154
Epsilon Greedy,28,1.6465151679752745,0.4432658414736743,1.691628688787508,42.05446692104578,18.549182352973638,42.05693370801271
Epsilon Greedy,29,1.650367095917727,0.4394139135312214,1.6722492478150999,43.70483401696354,18.98859626650486,43.72918295582775
Expected Reward UCB,0,0.8726845412792164,1.2170964681697294,0.8317821687289063,0.8726845412792164,1.2170964681697294,0.8317821687289063
Expected Reward UCB,1,0.9429901183135136,1.1467908911354323,0.9766419952325106,1.8156746595927324,2.3638873593051604,1.8084241639614158
Expected Reward UCB,2,1.0373420906249866,1.0524389188239613,1.033242074790162,2.853016750217716,3.416326278129124,2.8416662387515785
Expected Reward UCB,3,1.1888112223346183,0.90096978711433,1.161519206752108,4.041827972552337,4.317296065243441,4.0031854455036875
Expected Reward UCB,4,1.2799040580464285,0.8098769514025167,1.3120561714139793,5.3217320305987705,5.127173016645968,5.3152416169176595
Expected Reward UCB,5,1.366362869176266,0.7234181402726797,1.3327367095934992,6.68809489977503,5.850591156918636,6.647978326511157
Expected Reward UCB,6,1.4237083463349558,0.6660726631139922,1.3581806732207555,8.111803246109979,6.516663820032636,8.006158999731918
Expected Reward UCB,7,1.4156266738709116,0.6741543355780336,1.3306503577570992,9.527429919980909,7.190818155610676,9.336809357489011
Expected Reward UCB,8,1.4745024349648348,0.6152785744841122,1.5031194595144663,11.001932354945733,7.806096730094777,10.839928817003482
Expected Reward UCB,9,1.5067024917744594,0.5830785176744877,1.4574834856011356,12.508634846720206,8.389175247769263,12.297412302604606
Expected Reward UCB,10,1.5223777684736708,0.567403240975276,1.5008039016703558,14.031012615193871,8.95657848874455,13.798216204274985
Expected Reward UCB,11,1.550419114699722,0.5393618947492237,1.4903849451507356,15.581431729893572,9.495940383493776,15.288601149425725
Expected Reward UCB,12,1.5748625459136498,0.5149184635352978,1.5844852082985972,17.156294275807223,10.010858847029061,16.873086357724315
Expected Reward UCB,13,1.5779244954522136,0.5118565139967339,1.6052432035700734,18.73421877125945,10.522715361025808,18.47832956129437
Expected Reward UCB,14,1.6037421846559565,0.4860388247929901,1.6303127347651103,20.337960955915367,11.008754185818797,20.108642296059454
Expected Reward UCB,15,1.600338968170641,0.48944204127830515,1.6137880385925947,21.938299924086042,11.498196227097102,21.72243033465208
Expected Reward UCB,16,1.6262134253582698,0.46356758409067694,1.7124373044838648,23.564513349444315,11.961763811187785,23.434867639135977
Expected Reward UCB,17,1.6288737019286452,0.46090730752030123,1.6297787057572084,25.193387051372977,12.422671118708074,25.064646344893205
Expected Reward UCB,18,1.6445747046850496,0.44520630476389755,1.6506876528330365,26.83796175605803,12.867877423471983,26.71533399772617
Expected Reward UCB,19,1.6491828469190437,0.4405981625299021,1.6410496347700299,28.487144602977057,13.308475586001864,28.35638363249622
Expected Reward UCB,20,1.6572291146610998,0.43255189478784617,1.6099622398608178,30.144373717638146,13.741027480789722,29.96634587235701
Expected Reward UCB,21,1.6691487220218133,0.4206322874271342,1.6885803725507043,31.81352243965998,14.161659768216866,31.65492624490774
Expected Reward UCB,22,1.6768303745215352,0.4129506349274128,1.7308596527700342,33.49035281418157,14.574610403144264,33.385785897677756
Expected Reward UCB,23,1.6782866524649231,0.4114943569840241,1.6788526101698031,35.16863946664641,14.986104760128292,35.06463850784756
Expected Reward UCB,24,1.6889141342124638,0.4008668752364842,1.5903075130864177,36.85755360085894,15.386971635364795,36.65494602093401
Expected Reward UCB,25,1.6850858285876344,0.40469518086131173,1.7213912766788777,38.542639429446545,15.791666816226096,38.37633729761284
Expected Reward UCB,26,1.6994732042007317,0.3903078052482134,1.721244056687236,40.24211263364722,16.181974621474307,40.09758135430013
Expected Reward UCB,27,1.6970034200911994,0.3927775893577486,1.767628702084898,41.93911605373847,16.574752210832063,41.86521005638501
Expected Reward UCB,28,1.7008090403626939,0.38897196908625337,1.6660889951290123,43.63992509410113,16.963724179918334,43.53129905151403
Expected Reward UCB,29,1.7079383751034056,0.3818426343455423,1.6729955091972655,45.34786346920454,17.34556681426387,45.204294560711375
Expected Reward Fisher,0,0.8785921544230422,1.2111888550259036,0.8527831518349969,0.8785921544230422,1.2111888550259036,0.8527831518349969
Expected Reward Fisher,1,0.9296536911988786,1.1601273182500678,0.8771096299071336,1.80824584562192,2.3713161732759707,1.7298927817421317
Expected Reward Fisher,2,1.031855126435836,1.0579258830131113,1.036628191438032,2.8401009720577632,3.4292420562890844,2.766520973180164
Expected Reward Fisher,3,1.1383114993816463,0.9514695100673006,1.174960574594189,3.978412471439407,4.380711566356379,3.9414815477743503
Expected Reward Fisher,4,1.2240488035556085,0.8657322058933385,1.2623789032949426,5.202461274995016,5.246443772249712,5.203860451069293
Expected Reward Fisher,5,1.2977379842973624,0.7920430251515861,1.220295508122201,6.500199259292366,6.0384867974013,6.424155959191498
Expected Reward Fisher,6,1.3613226401662717,0.7284583692826745,1.2584418002433273,7.8615218994586495,6.766945166683977,7.682597759434818
Expected Reward Fisher,7,1.421001298248229,0.6687797112007177,1.44961196711479,9.282523197706874,7.435724877884698,9.132209726549608
Expected Reward Fisher,8,1.463111916180792,0.6266690932681549,1.3739202905947938,10.745635113887664,8.062393971152849,10.506130017144399
Expected Reward Fisher,9,1.4858533186718235,0.6039276907771223,1.479424386978171,12.231488432559498,8.666321661929969,11.985554404122562
Expected Reward Fisher,10,1.504611205698541,0.5851698037504032,1.5255171745417337,13.736099638258034,9.25149146568038,13.511071578664295
Expected Reward Fisher,11,1.5462613133397196,0.5435196961092252,1.6157589114441895,15.282360951597761,9.795011161789613,15.126830490108512
Expected Reward Fisher,12,1.5616967100179122,0.5280842994310332,1.5766406478190438,16.844057661615693,10.323095461220657,16.70347113792754
Expected Reward Fisher,13,1.5835623043013856,0.5062187051475598,1.6198821632286264,18.42761996591707,10.829314166368214,18.323353301156114
Expected Reward Fisher,14,1.584814066309532,0.5049669431394149,1.6045629595890283,20.012434032226615,11.334281109507618,19.927916260745185
Expected Reward Fisher,15,1.6118727708094915,0.47790823863945464,1.661809307597815,21.624306803036067,11.812189348147097,21.58972556834299
Expected Reward Fisher,16,1.619677815092608,0.4701031943563373,1.6767422657863766,23.243984618128668,12.282292542503404,23.266467834129376
Expected Reward Fisher,17,1.6299557530987954,0.4598252563501495,1.647321183091962,24.873940371227512,12.742117798853538,24.91378901722134
Expected Reward Fisher,18,1.6430374492304578,0.44674356021848866,1.7069258922133554,26.51697782045794,13.188861359072062,26.6207149094347
Expected Reward Fisher,19,1.6459718204624418,0.4438091889865051,1.636054223413441,28.162949640920335,13.632670548058561,28.256769132848156
Expected Reward Fisher,20,1.6492726754261413,0.440508334022805,1.6910076879315572,29.812222316346563,14.07317888208135,29.947776820779715
Expected Reward Fisher,21,1.6449876948457838,0.4447933146031633,1.65606993998164,31.45721001119237,14.517972196684529,31.603846760761378
Expected Reward Fisher,22,1.6654967271278946,0.42428428232105114,1.6792618553167493,33.12270673832021,14.942256479005568,33.283108616078074
Expected Reward Fisher,23,1.6696317464769255,0.4201492629720202,1.6810288799452493,34.7923384847971,15.362405741977582,34.96413749602333
Expected Reward Fisher,24,1.6722089984508235,0.41757201099812363,1.6240403770408247,36.464547483247955,15.779977752975725,36.588177873064204
Expected Reward Fisher,25,1.6781376887429413,0.41164332070600457,1.6869453198949163,38.142685171990934,16.191621073681727,38.275123192959136
Expected Reward Fisher,26,1.683089878733,0.40669113071594565,1.6727892681195913,39.825775050723976,16.598312204397658,39.947912461078715
Expected Reward Fisher,27,1.6888953155841044,0.4008856938648426,1.6574365457702092,41.51467036630794,16.99919789826249,41.605349006848925
Expected Reward Fisher,28,1.6979805938839527,0.39180041556499445,1.6474402813487987,43.212650960191965,17.390998313827502,43.25278928819777
Expected Reward Fisher,29,1.691696554726215,0.39808445472273263,1.7084779198120466,44.90434751491829,17.78908276855025,44.96126720800978
Expected Reward Thompson,0,1.2623360371712204,0.827444972277727,1.2385126530400987,1.2623360371712204,0.827444972277727,1.2385126530400987
Expected Reward Thompson,1,1.2777443799491328,0.8120366294998156,1.3114235377240775,2.5400804171203535,1.639481601777538,2.549936190764179
Expected Reward Thompson,2,1.303337237035275,0.7864437724136698,1.2849667945794503,3.8434176541556333,2.4259253741912095,3.834902985343624
Expected Reward Thompson,3,1.3262164859470538,0.7635645235018922,1.3731087656574168,5.16963414010269,3.189489897693099,5.20801175100103
Expected Reward Thompson,4,1.3575351052563733,0.7322459041925728,1.3698673751344397,6.5271692453590555,3.9217358018856703,6.577879126135466
Expected Reward Thompson,5,1.340028352842028,0.7497526566069194,1.4245968772560638,7.867197598201087,4.671488458492594,8.002476003391534
Expected Reward Thompson,6,1.3707571226856905,0.7190238867632556,1.402688896305151,9.237954720886776,5.390512345255848,9.405164899696683
Expected Reward Thompson,7,1.3898562249185047,0.6999247845304397,1.331885234711784,10.62781094580527,6.0904371297862925,10.737050134408456
Expected Reward Thompson,8,1.4237765839603482,0.6660044254885977,1.4261006116313089,12.05158752976561,6.756441555274895,12.163150746039767
Expected Reward Thompson,9,1.4525382668643183,0.6372427425846277,1.479791325574522,13.504125796629953,7.393684297859517,13.642942071614293
Expected Reward Thompson,10,1.4472100918670836,0.642570917581866,1.4467605107595742,14.95133588849702,8.036255215441379,15.089702582373887
Expected Reward Thompson,11,1.4836537344475713,0.6061272750013748,1.534388247249402,16.434989622944588,8.642382490442756,16.624090829623288
Expected Reward Thompson,12,1.4836586894484651,0.6061223200004838,1.4872141390303477,17.918648312393067,9.248504810443238,18.111304968653634
Expected Reward Thompson,13,1.5228328597044087,0.5669481497445391,1.5810684948486098,19.441481172097493,9.815452960187764,19.692373463502207
Expected Reward Thompson,14,1.529575575120535,0.5602054343284114,1.4432055016251224,20.971056747217983,10.37565839451617,21.13557896512732
Expected Reward Thompson,15,1.5460574270197944,0.5437235824291525,1.532307536579971,22.517114174237786,10.919381976945347,22.667886501707336
Expected Reward Thompson,16,1.555136470895958,0.5346445385529921,1.5465400351624006,24.072250645133714,11.45402651549833,24.214426536869713
Expected Reward Thompson,17,1.574876913895415,0.514904095553534,1.5637492232713535,25.647127559029236,11.968930611051874,25.778175760141078
Expected Reward Thompson,18,1.5859602015863863,0.5038208078625631,1.5741699850400797,27.23308776061556,12.472751418914447,27.35234574518116
Expected Reward Thompson,19,1.5873175536636304,0.5024634557853169,1.6321266018236356,28.82040531427917,12.975214874699752,28.984472347004793
Expected Reward Thompson,20,1.5945385603160829,0.49524244913286636,1.5634996703046067,30.41494387459523,13.470457323832626,30.54797201730944
Expected Reward Thompson,21,1.6065702825936832,0.48321072685526284,1.5959973826268714,32.021514157188975,13.953668050687893,32.14396939993631
Expected Reward Thompson,22,1.621253214600446,0.4685277948485017,1.633644633218645,33.642767371789425,14.422195845536399,33.777614033154975
Expected Reward Thompson,23,1.6341570822431377,0.45562392720581074,1.6742076152244447,35.276924454032525,14.87781977274218,35.451821648379415
Expected Reward Thompson,24,1.648631664662232,0.4411493447867157,1.6416463883890973,36.92555611869474,15.318969117528901,37.09346803676852
Expected Reward Thompson,25,1.6597550697330534,0.43002593971589514,1.6078144639403462,38.585311188427774,15.748995057244784,38.70128250070883
Expected Reward Thompson,26,1.6543854895862533,0.4353955198626944,1.6611577980185257,40.23969667801408,16.184390577107493,40.36244029872737
Expected Reward Thompson,27,1.65928544421213,0.43049556523681887,1.6403795235223493,41.89898212222623,16.614886142344336,42.00281982224968
Expected Reward Thompson,28,1.6916080408749774,0.39817296857397033,1.723516973026135,43.59059016310119,17.0130591109183,43.72633679527585
Expected Reward Thompson,29,1.6908127092915528,0.3989683001573967,1.6747354915227,45.28140287239266,17.412027411075705,45.401072286798566
expected Reward Proxi,0,0.7545123697935465,1.3352686396553999,0.7801405796103591,0.7545123697935465,1.3352686396553999,0.7801405796103591
expected Reward Proxi,1,0.7861033695085425,1.303677639940404,0.8295446958522821,1.540615739302089,2.6389462795958036,1.6096852754626476
expected Reward Proxi,2,0.8354918740583351,1.2542891353906103,0.7686084265418136,2.3761076133604266,3.893235414986414,2.378293702004461
expected Reward Proxi,3,0.8553496641212449,1.2344313453277016,0.9477800869473371,3.23145727748167,5.127666760314117,3.3260737889518
expected Reward Proxi,4,0.8724879232584816,1.2172930861904647,0.951207197636755,4.103945200740153,6.34495984650458,4.277280986588563
expected Reward Proxi,5,0.8810720908732598,1.2087089185756867,0.8119648118087213,4.985017291613419,7.553668765080266,5.089245798397295
expected Reward Proxi,6,0.8895198756683025,1.2002611337806444,0.8903219378533751,5.87453716728172,8.753929898860909,5.979567736250666
expected Reward Proxi,7,0.8948987754599759,1.1948822339889704,0.8942848071057347,6.769435942741687,9.948812132849879,6.873852543356405
expected Reward Proxi,8,0.9052504111582592,1.184530598290687,0.8433644934184117,7.67468635389994,11.13334273114057,7.717217036774812
expected Reward Proxi,9,0.9100048295015213,1.1797761799474253,0.9435016848272514,8.58469118340147,12.313118911087992,8.660718721602064
expected Reward Proxi,10,0.9158569090883515,1.173924100360596,0.9663342076349525,9.500548092489836,13.487043011448593,9.627052929237001
expected Reward Proxi,11,0.9260366361881329,1.163744373260814,1.003030820792668,10.42658472867796,14.650787384709414,10.630083750029673
expected Reward Proxi,12,0.9225836143303825,1.1671973951185635,0.9295327159702242,11.349168343008357,15.817984779827936,11.559616465999891
expected Reward Proxi,13,0.9278382070549082,1.1619428023940381,0.9975144209740847,12.27700655006325,16.979927582221993,12.55713088697396
expected Reward Proxi,14,0.9335913411061457,1.1561896683428001,0.882731085154991,13.210597891169384,18.13611725056479,13.439861972128952
expected Reward Proxi,15,0.9436965367040984,1.1460844727448478,0.8244371521563022,14.154294427873465,19.282201723309633,14.264299124285252
expected Reward Proxi,16,0.9532681471547362,1.1365128622942093,0.9432052013681695,15.107562575028236,20.418714585603876,15.20750432565342
expected Reward Proxi,17,0.9667003776792047,1.1230806317697402,0.9574864739051098,16.074262952707418,21.54179521737359,16.16499079955853
expected Reward Proxi,18,0.9642054548533212,1.1255755545956252,1.034331945170598,17.03846840756075,22.66737077196924,17.199322744729134
expected Reward Proxi,19,0.9666758166717699,1.1231051927771765,0.9684727257237851,18.005144224232517,23.790475964746427,18.167795470452905
expected Reward Proxi,20,0.9706695955442449,1.1191114139047016,1.0936445967903539,18.975813819776764,24.909587378651093,19.26144006724328
expected Reward Proxi,21,0.9669326766676869,1.1228483327812588,1.023328543678213,19.94274649644443,26.032435711432335,20.284768610921482
expected Reward Proxi,22,0.9691618345126131,1.1206191749363328,1.021481981130805,20.91190833095704,27.153054886368718,21.306250592052304
expected Reward Proxi,23,0.9745663442328305,1.1152146652161161,0.8823779094865661,21.88647467518993,28.268269551584783,22.188628501538872
expected Reward Proxi,24,0.9726471479738594,1.1171338614750863,0.9727805036069964,22.85912182316375,29.385403413059922,23.16140900514587
expected Reward Proxi,25,0.9764883941658632,1.113292615283083,0.9265818475792457,23.835610217329656,30.49869602834299,24.08799085272513
expected Reward Proxi,26,0.9776354297688399,1.1121455796801056,1.0092352285646131,24.813245647098462,31.61084160802312,25.097226081289715
expected Reward Proxi,27,0.9809662907794932,1.108814718669453,0.986605143325559,25.79421193787798,32.71965632669256,26.083831224615274
expected Reward Proxi,28,0.9835665087152818,1.1062145007336641,1.096671721639182,26.77777844659324,33.825870827426215,27.180502946254474
expected Reward Proxi,29,0.9838551210367729,1.1059258884121737,1.1478691133856376,27.76163356763002,34.931796715838374,28.328372059640113
expected Reward Ellipsoid,0,0.8734967412434688,1.2162842682054764,0.9521616293218057,0.8734967412434688,1.2162842682054764,0.9521616293218057
expected Reward Ellipsoid,1,0.9469492824758301,1.1428317269731156,0.9240966105522392,1.8204460237193012,2.3591159951785903,1.8762582398740435
expected Reward Ellipsoid,2,1.0431195507755104,1.0466614586734382,1.0496923133072416,2.8635655744948068,3.405777453852035,2.925950553181288
expected Reward Ellipsoid,3,1.1542080612297112,0.9355729482192354,1.0659404656794274,4.017773635724524,4.341350402071267,3.991891018860715
expected Reward Ellipsoid,4,1.2751892532684228,0.8145917561805228,1.267699948957567,5.292962888992946,5.155942158251783,5.259590967818278
expected Reward Ellipsoid,5,1.3333483671828035,0.7564326422661463,1.3096103329171078,6.62631125617575,5.912374800517935,6.569201300735383
expected Reward Ellipsoid,6,1.4126718266615017,0.6771091827874474,1.4424528028068853,8.038983082837252,6.589483983305384,8.011654103542261
expected Reward Ellipsoid,7,1.437035308933817,0.6527457005151305,1.4027056221134953,9.476018391771067,7.242229683820515,9.414359725655762
expected Reward Ellipsoid,8,1.4743272038609452,0.6154538055880011,1.4690714870197474,10.950345595632026,7.857683489408503,10.883431212675506
expected Reward Ellipsoid,9,1.494640469071231,0.5951405403777125,1.5526744343529189,12.444986064703237,8.452824029786239,12.43610564702842
expected Reward Ellipsoid,10,1.5200687811127767,0.5697122283361712,1.5114961009239738,13.96505484581601,9.022536258122384,13.947601747952406
expected Reward Ellipsoid,11,1.5253801485965024,0.5644008608524441,1.5260277743325243,15.490434994412487,9.586937118974822,15.473629522284938
expected Reward Ellipsoid,12,1.566174498033988,0.5236065114149577,1.5604007621084985,17.056609492446523,10.110543630389802,17.03403028439344
expected Reward Ellipsoid,13,1.5729854578401912,0.5167955516087553,1.5768529900517616,18.629594950286688,10.62733918199856,18.610883274445204
expected Reward Ellipsoid,14,1.5896996502722034,0.5000813591767418,1.5989698872545295,20.21929460055891,11.127420541175299,20.20985316169968
expected Reward Ellipsoid,15,1.5879207175827263,0.5018602918662196,1.6200156977809335,21.807215318141623,11.629280833041513,21.829868859480648
expected Reward Ellipsoid,16,1.6044455046492563,0.4853355047996915,1.6805192750105986,23.411660822790942,12.114616337841221,23.510388134491215
expected Reward Ellipsoid,17,1.6109822791833253,0.47879873026562203,1.6466201943574688,25.022643101974214,12.593415068106843,25.157008328848683
expected Reward Ellipsoid,18,1.6237004473823182,0.46608056206662923,1.6359114282086282,26.64634354935654,13.059495630173457,26.792919757057323
expected Reward Ellipsoid,19,1.6422647096433345,0.44751629980561325,1.609222052371074,28.288608258999858,13.507011929979072,28.402141809428386
expected Reward Ellipsoid,20,1.637913073040262,0.45186793640868606,1.6687235575545585,29.926521332040114,13.958879866387752,30.070865366982915
expected Reward Ellipsoid,21,1.654385123409892,0.43539588603905444,1.6701607358251203,31.58090645545004,14.394275752426799,31.74102610280803
expected Reward Ellipsoid,22,1.6595799082412417,0.43020110120770433,1.6486565193212663,33.240486363691225,14.824476853634506,33.38968262212931
expected Reward Ellipsoid,23,1.666621770803927,0.4231592386450188,1.6810030611334765,34.907108134495196,15.247636092279539,35.0706856832628
expected Reward Ellipsoid,24,1.672474115811352,0.41730689363759543,1.6741417295923986,36.57958225030654,15.664942985917131,36.74482741285525
expected Reward Ellipsoid,25,1.6770817967425367,0.4126992127064104,1.6350428383557472,38.25666404704912,16.07764219862353,38.379870251210924
expected Reward Ellipsoid,26,1.671846760007366,0.4179342494415802,1.7159405159524794,39.92851080705645,16.49557644806512,40.095810767163464
expected Reward Ellipsoid,27,1.676650726046824,0.4131302834021222,1.6681137434854296,41.605161533103285,16.90870673146725,41.7639245106489
expected Reward Ellipsoid,28,1.6866113351377807,0.40316967431116635,1.708824284847042,43.29177286824108,17.31187640577841,43.47274879549594
expected Reward Ellipsoid,29,1.676647782942755,0.41313322650619283,1.6514471813688174,44.968420651183834,17.725009632284603,45.12419597686475
random Baseline,0,1.148522968791666,0.941258040657282,1.1316504155189795,1.148522968791666,0.941258040657282,1.1316504155189795
random Baseline,1,1.143859542386527,0.9459214670624194,1.133852749132176,2.292382511178192,1.8871795077197018,2.2655031646511574
random Baseline,2,1.1878313556761189,0.901949653772827,1.193571356757704,3.480213866854315,2.7891291614925313,3.4590745214088647
random Baseline,3,1.149828379711278,0.9399526297376694,1.1006650753227043,4.630042246565589,3.7290817912302012,4.559739596731564
random Baseline,4,1.175921928797337,0.9138590806516115,1.1398773246059188,5.805964175362919,4.642940871881808,5.699616921337491
random Baseline,5,1.1615303609131857,0.9282506485357612,1.103409426265541,6.967494536276113,5.571191520417571,6.803026347603025
random Baseline,6,1.1494445501281616,0.9403364593207839,1.1929329548609482,8.11693908640427,6.511527979738356,7.995959302463968
random Baseline,7,1.1600923395259763,0.9296886699229706,1.166930370526376,9.277031425930259,7.441216649661333,9.16288967299035
random Baseline,8,1.173416786052813,0.916364223396133,1.1802295378803422,10.450448211983048,8.357580873057444,10.343119210870695
random Baseline,9,1.153039088520077,0.9367419209288689,1.2211606634543148,11.603487300503152,9.294322793986327,11.56427987432502
random Baseline,10,1.127830402363553,0.9619506070853944,1.0991354693468252,12.731317702866686,10.256273401071727,12.663415343671838
random Baseline,11,1.157274795859501,0.9325062135894445,1.2130852286863016,13.888592498726199,11.188779614661172,13.87650057235813
random Baseline,12,1.1826386316502657,0.9071423777986816,1.1089542848644134,15.071231130376454,12.095921992459838,14.98545485722255
random Baseline,13,1.1651058545862811,0.9246751548626637,1.1295659007841,16.236336984962733,13.02059714732251,16.115020758006654
random Baseline,14,1.1738192968120111,0.9159617126369367,1.1612520376241913,17.410156281774768,13.93655885995944,17.27627279563085
random Baseline,15,1.1465300647211976,0.9432509447277488,1.1082549561351462,18.556686346495948,14.879809804687218,18.38452775176601
random Baseline,16,1.1660013576816657,0.9237796517672807,1.143114290511659,19.722687704177616,15.803589456454494,19.52764204227764
random Baseline,17,1.1751521003971075,0.9146289090518387,1.176859085610636,20.89783980457473,16.71821836550634,20.70450112788825
random Baseline,18,1.1368449815687365,0.9529360278802086,1.1419713677716523,22.03468478614345,17.671154393386566,21.84647249565991
random Baseline,19,1.1542648062265395,0.9355162032224067,1.083410998282164,23.188949592369955,18.60667059660895,22.92988349394209
random Baseline,20,1.162789543905678,0.9269914655432682,1.1463673945575519,24.351739136275654,19.5336620621522,24.076250888499636
random Baseline,21,1.1491248123954438,0.9406561970535036,1.10208842713118,25.500863948671125,20.474318259205702,25.178339315630822
random Baseline,22,1.1650279484876582,0.9247530609612872,1.218431445660618,26.665891897158794,21.399071320167018,26.396770761291414
random Baseline,23,1.1481301904338992,0.941650819015046,1.1316995686808218,27.814022087592672,22.340722139182024,27.528470329972254
random Baseline,24,1.1643615372545644,0.9254194721943831,1.1835337072958523,28.978383624847243,23.266141611376465,28.712004037268077
random Baseline,25,1.180099201649622,0.909681807799327,1.2047778345654419,30.15848282649687,24.175823419175696,29.916781871833535
random Baseline,26,1.1782719476163312,0.9115090618326156,1.16722220143586,31.33675477411321,25.08733248100835,31.084004073269416
random Baseline,27,1.166632198835779,0.9231488106131677,1.2194538778251394,32.50338697294901,26.010481291621534,32.303457951094565
random Baseline,28,1.1633593499378883,0.9264216595110575,1.156954714439885,33.66674632288694,26.93690295113253,33.460412665534434
random Baseline,29,1.1750850642292243,0.9146959452197235,1.2109543396781943,34.841831387116045,27.85159889635228,34.67136700521263
